"gridID","X","Y","period2000","period2010","period2020","period2030","period2040","period2050","period2060","period2070","period2080"
5000,1,1,0,0,0,0,0,0,0,0,0
5001,2,1,0,0,0,0,0,0,0,0,0
5002,3,1,0,0,0,0,0,0,0,0,0
5003,4,1,0,0,0,0,0,0,0,0,0
5004,5,1,0,0,0,0,0,0,0,0,0
5005,6,1,0,0,0,0,0,0,0,0,0
5006,7,1,0,0,0,0,0,0,0,0,0
5007,8,1,0,0,0,0,0,0,0,0,0
5008,9,1,0,0,0,0,0,0,0,0,0
5009,10,1,0,0,0,0,0,0,0,0,0
5010,11,1,0,0,0,0,0,0,0,0,0
5011,12,1,0,0,0,0,0,0,0,0,0
5012,13,1,0,0,0,0,0,0,0,0,0
5013,14,1,0,0,0,0,0,0,0,0,0
5014,15,1,0,0,0,0,0,0,0,0,0
5015,16,1,0,0,0,0,0,0,0,0,0
5016,17,1,0,0,0,0,0,0,0,0,0
5017,18,1,0,0,0,0,0,0,0,0,0
5018,19,1,0,0,0,0,0,0,0,0,0
5019,20,1,0,0,0,0,0,0,0,0,0
5020,21,1,0,0,0,0,0,0,0,0,0
5021,22,1,0,0,0,0,0,0,0,0,0
5022,23,1,0,0,0,0,0,0,0,0,0
5023,24,1,0,0,0,0,0,0,0,0,0
5024,25,1,0,0,0,0,0,0,0,0,0
5025,26,1,0,0,0,0,0,0,0,0,0
5026,27,1,0,0,0,0,0,0,0,0,0
5027,28,1,0,0,0,0,0,0,0,0,0
5028,29,1,0,0,0,0,0,0,0,0,0
5029,30,1,0,0,0,0,0,0,0,0,0
5030,1,2,0,0,0,0,0,0,0,0,0
5031,2,2,0,0,0,0,0,0,0,0,0
5032,3,2,0,0,0,0,0,0,0,0,0
5033,4,2,0,0,0,0,0,0,0,0,0
5034,5,2,0,0,0,0,0,0,0,0,0
5035,6,2,0,0,0,0,0,0,0,0,0
5036,7,2,0,0,0,0,0,0,0,0,0
5037,8,2,0,0,0,0,0,0,0,0,0
5038,9,2,0,0,0,0,0,0,0,0,0
5039,10,2,0,0,0,0,0,0,0,0,0
5040,11,2,0,0,0,0,0,0,0,0,0
5041,12,2,0,0,0,0,0,0,0,0,0
5042,13,2,0,0,0,0,0,0,0,0,0
5043,14,2,0,0,0,0,0,0,0,0,0
5044,15,2,0,0,0,0,0,0,0,0,0
5045,16,2,0,0,0,0,0,0,0,0,0
5046,17,2,0,0,0,0,0,0,0,0,0
5047,18,2,0,0,0,0,0,0,0,0,0
5048,19,2,0,0,0,0,0,0,0,0,0
5049,20,2,0,0,0,0,0,0,0,0,0
5050,21,2,0,0,0,0,0,0,0,0,0.5
5051,22,2,0,0,0,0,0,0,0,0,0.5
5052,23,2,0,0,0,0,0,0,0,0,0.5
5053,24,2,0,0,0,0,0,0,0,0,0.5
5054,25,2,0,0,0,0,0,0,0,0,0.5
5055,26,2,0,0,0,0,0,0,0,0,0.5
5056,27,2,0,0,0,0,0,0,0,0,0.5
5057,28,2,0,0,0,0,0,0,0,0,0.5
5058,29,2,0,0,0,0,0,0,0,0,0.5
5059,30,2,0,0,0,0,0,0,0,0,0.5
5060,1,3,0,0,0,0,0,0,0,0,0.5
5061,2,3,0,0,0,0,0,0,0,0,0.5
5062,3,3,0,0,0,0,0,0,0,0,0.5
5063,4,3,0,0,0,0,0,0,0,0,0.5
5064,5,3,0,0,0,0,0,0,0,0,0.5
5065,6,3,0,0,0,0,0,0,0,0,0.5
5066,7,3,0,0,0,0,0,0,0,0,0.5
5067,8,3,0,0,0,0,0,0,0,0,0.5
5068,9,3,0,0,0,0,0,0,0,0,0.5
5069,10,3,0,0,0,0,0,0,0,0,0.5
5070,11,3,0,0,0,0,0,0,0,0,0.5
5071,12,3,0,0,0,0,0,0,0,0,0.5
5072,13,3,0,0,0,0,0,0,0,0,0.5
5073,14,3,0,0,0,0,0,0,0,0,0.5
5074,15,3,0,0,0,0,0,0,0,0,0.5
5075,16,3,0,0,0,0,0,0,0,0,0.5
5076,17,3,0,0,0,0,0,0,0,0,0.5
5077,18,3,0,0,0,0,0,0,0,0,0.5
5078,19,3,0,0,0,0,0,0,0,0,0.5
5079,20,3,0,0,0,0,0,0,0,0,0.5
5080,21,3,0,0,0,0,0,0,0,0,0.53
5081,22,3,0,0,0,0,0,0,0,0,0.53
5082,23,3,0,0,0,0,0,0,0,0,0.53
5083,24,3,0,0,0,0,0,0,0,0,0.53
5084,25,3,0,0,0,0,0,0,0,0,0.53
5085,26,3,0,0,0,0,0,0,0,0,0.53
5086,27,3,0,0,0,0,0,0,0,0,0.53
5087,28,3,0,0,0,0,0,0,0,0,0.53
5088,29,3,0,0,0,0,0,0,0,0,0.53
5089,30,3,0,0,0,0,0,0,0,0,0.53
5090,1,4,0,0,0,0,0,0,0,0,0.53
5091,2,4,0,0,0,0,0,0,0,0,0.53
5092,3,4,0,0,0,0,0,0,0,0,0.53
5093,4,4,0,0,0,0,0,0,0,0,0.53
5094,5,4,0,0,0,0,0,0,0,0,0.53
5095,6,4,0,0,0,0,0,0,0,0,0.53
5096,7,4,0,0,0,0,0,0,0,0,0.53
5097,8,4,0,0,0,0,0,0,0,0,0.53
5098,9,4,0,0,0,0,0,0,0,0,0.53
5099,10,4,0,0,0,0,0,0,0,0,0.53
5100,11,4,0,0,0,0,0,0,0,0.5,0.53
5101,12,4,0,0,0,0,0,0,0,0.5,0.53
5102,13,4,0,0,0,0,0,0,0,0.5,0.53
5103,14,4,0,0,0,0,0,0,0,0.5,0.53
5104,15,4,0,0,0,0,0,0,0,0.5,0.53
5105,16,4,0,0,0,0,0,0,0,0.5,0.53
5106,17,4,0,0,0,0,0,0,0,0.5,0.53
5107,18,4,0,0,0,0,0,0,0,0.5,0.53
5108,19,4,0,0,0,0,0,0,0,0.5,0.53
5109,20,4,0,0,0,0,0,0,0,0.5,0.53
5110,21,4,0,0,0,0,0,0,0,0.5,0.56
5111,22,4,0,0,0,0,0,0,0,0.5,0.56
5112,23,4,0,0,0,0,0,0,0,0.5,0.56
5113,24,4,0,0,0,0,0,0,0,0.5,0.56
5114,25,4,0,0,0,0,0,0,0,0.5,0.56
5115,26,4,0,0,0,0,0,0,0,0.5,0.56
5116,27,4,0,0,0,0,0,0,0,0.5,0.56
5117,28,4,0,0,0,0,0,0,0,0.5,0.56
5118,29,4,0,0,0,0,0,0,0,0.5,0.56
5119,30,4,0,0,0,0,0,0,0,0.5,0.56
5120,1,5,0,0,0,0,0,0,0,0.5,0.56
5121,2,5,0,0,0,0,0,0,0,0.5,0.56
5122,3,5,0,0,0,0,0,0,0,0.5,0.56
5123,4,5,0,0,0,0,0,0,0,0.5,0.56
5124,5,5,0,0,0,0,0,0,0,0.5,0.56
5125,6,5,0,0,0,0,0,0,0,0.5,0.56
5126,7,5,0,0,0,0,0,0,0,0.5,0.56
5127,8,5,0,0,0,0,0,0,0,0.5,0.56
5128,9,5,0,0,0,0,0,0,0,0.5,0.56
5129,10,5,0,0,0,0,0,0,0,0.5,0.56
5130,11,5,0,0,0,0,0,0,0,0.53,0.56
5131,12,5,0,0,0,0,0,0,0,0.53,0.56
5132,13,5,0,0,0,0,0,0,0,0.53,0.56
5133,14,5,0,0,0,0,0,0,0,0.53,0.56
5134,15,5,0,0,0,0,0,0,0,0.53,0.56
5135,16,5,0,0,0,0,0,0,0,0.53,0.56
5136,17,5,0,0,0,0,0,0,0,0.53,0.56
5137,18,5,0,0,0,0,0,0,0,0.53,0.56
5138,19,5,0,0,0,0,0,0,0,0.53,0.56
5139,20,5,0,0,0,0,0,0,0,0.53,0.56
5140,21,5,0,0,0,0,0,0,0,0.53,0.59
5141,22,5,0,0,0,0,0,0,0,0.53,0.59
5142,23,5,0,0,0,0,0,0,0,0.53,0.59
5143,24,5,0,0,0,0,0,0,0,0.53,0.59
5144,25,5,0,0,0,0,0,0,0,0.53,0.59
5145,26,5,0,0,0,0,0,0,0,0.53,0.59
5146,27,5,0,0,0,0,0,0,0,0.53,0.59
5147,28,5,0,0,0,0,0,0,0,0.53,0.59
5148,29,5,0,0,0,0,0,0,0,0.53,0.59
5149,30,5,0,0,0,0,0,0,0,0.53,0.59
5150,1,6,0,0,0,0,0,0,0.5,0.53,0.59
5151,2,6,0,0,0,0,0,0,0.5,0.53,0.59
5152,3,6,0,0,0,0,0,0,0.5,0.53,0.59
5153,4,6,0,0,0,0,0,0,0.5,0.53,0.59
5154,5,6,0,0,0,0,0,0,0.5,0.53,0.59
5155,6,6,0,0,0,0,0,0,0.5,0.53,0.59
5156,7,6,0,0,0,0,0,0,0.5,0.53,0.59
5157,8,6,0,0,0,0,0,0,0.5,0.53,0.59
5158,9,6,0,0,0,0,0,0,0.5,0.53,0.59
5159,10,6,0,0,0,0,0,0,0.5,0.53,0.59
5160,11,6,0,0,0,0,0,0,0.5,0.56,0.59
5161,12,6,0,0,0,0,0,0,0.5,0.56,0.59
5162,13,6,0,0,0,0,0,0,0.5,0.56,0.59
5163,14,6,0,0,0,0,0,0,0.5,0.56,0.59
5164,15,6,0,0,0,0,0,0,0.5,0.56,0.59
5165,16,6,0,0,0,0,0,0,0.5,0.56,0.59
5166,17,6,0,0,0,0,0,0,0.5,0.56,0.59
5167,18,6,0,0,0,0,0,0,0.5,0.56,0.59
5168,19,6,0,0,0,0,0,0,0.5,0.56,0.59
5169,20,6,0,0,0,0,0,0,0.5,0.56,0.59
5170,21,6,0,0,0,0,0,0,0.5,0.56,0.61
5171,22,6,0,0,0,0,0,0,0.5,0.56,0.61
5172,23,6,0,0,0,0,0,0,0.5,0.56,0.61
5173,24,6,0,0,0,0,0,0,0.5,0.56,0.61
5174,25,6,0,0,0,0,0,0,0.5,0.56,0.61
5175,26,6,0,0,0,0,0,0,0.5,0.56,0.61
5176,27,6,0,0,0,0,0,0,0.5,0.56,0.61
5177,28,6,0,0,0,0,0,0,0.5,0.56,0.61
5178,29,6,0,0,0,0,0,0,0.5,0.56,0.61
5179,30,6,0,0,0,0,0,0,0.5,0.56,0.61
5180,1,7,0,0,0,0,0,0,0.53,0.56,0.61
5181,2,7,0,0,0,0,0,0,0.53,0.56,0.61
5182,3,7,0,0,0,0,0,0,0.53,0.56,0.61
5183,4,7,0,0,0,0,0,0,0.53,0.56,0.61
5184,5,7,0,0,0,0,0,0,0.53,0.56,0.61
5185,6,7,0,0,0,0,0,0,0.53,0.56,0.61
5186,7,7,0,0,0,0,0,0,0.53,0.56,0.61
5187,8,7,0,0,0,0,0,0,0.53,0.56,0.61
5188,9,7,0,0,0,0,0,0,0.53,0.56,0.61
5189,10,7,0,0,0,0,0,0,0.53,0.56,0.61
5190,11,7,0,0,0,0,0,0,0.53,0.59,0.61
5191,12,7,0,0,0,0,0,0,0.53,0.59,0.61
5192,13,7,0,0,0,0,0,0,0.53,0.59,0.61
5193,14,7,0,0,0,0,0,0,0.53,0.59,0.61
5194,15,7,0,0,0,0,0,0,0.53,0.59,0.61
5195,16,7,0,0,0,0,0,0,0.53,0.59,0.61
5196,17,7,0,0,0,0,0,0,0.53,0.59,0.61
5197,18,7,0,0,0,0,0,0,0.53,0.59,0.61
5198,19,7,0,0,0,0,0,0,0.53,0.59,0.61
5199,20,7,0,0,0,0,0,0,0.53,0.59,0.61
5200,21,7,0,0,0,0,0,0.5,0.53,0.59,0.64
5201,22,7,0,0,0,0,0,0.5,0.53,0.59,0.64
5202,23,7,0,0,0,0,0,0.5,0.53,0.59,0.64
5203,24,7,0,0,0,0,0,0.5,0.53,0.59,0.64
5204,25,7,0,0,0,0,0,0.5,0.53,0.59,0.64
5205,26,7,0,0,0,0,0,0.5,0.53,0.59,0.64
5206,27,7,0,0,0,0,0,0.5,0.53,0.59,0.64
5207,28,7,0,0,0,0,0,0.5,0.53,0.59,0.64
5208,29,7,0,0,0,0,0,0.5,0.53,0.59,0.64
5209,30,7,0,0,0,0,0,0.5,0.53,0.59,0.64
5210,1,8,0,0,0,0,0,0.5,0.56,0.59,0.64
5211,2,8,0,0,0,0,0,0.5,0.56,0.59,0.64
5212,3,8,0,0,0,0,0,0.5,0.56,0.59,0.64
5213,4,8,0,0,0,0,0,0.5,0.56,0.59,0.64
5214,5,8,0,0,0,0,0,0.5,0.56,0.59,0.64
5215,6,8,0,0,0,0,0,0.5,0.56,0.59,0.64
5216,7,8,0,0,0,0,0,0.5,0.56,0.59,0.64
5217,8,8,0,0,0,0,0,0.5,0.56,0.59,0.64
5218,9,8,0,0,0,0,0,0.5,0.56,0.59,0.64
5219,10,8,0,0,0,0,0,0.5,0.56,0.59,0.64
5220,11,8,0,0,0,0,0,0.5,0.56,0.61,0.64
5221,12,8,0,0,0,0,0,0.5,0.56,0.61,0.64
5222,13,8,0,0,0,0,0,0.5,0.56,0.61,0.64
5223,14,8,0,0,0,0,0,0.5,0.56,0.61,0.64
5224,15,8,0,0,0,0,0,0.5,0.56,0.61,0.64
5225,16,8,0,0,0,0,0,0.5,0.56,0.61,0.64
5226,17,8,0,0,0,0,0,0.5,0.56,0.61,0.64
5227,18,8,0,0,0,0,0,0.5,0.56,0.61,0.64
5228,19,8,0,0,0,0,0,0.5,0.56,0.61,0.64
5229,20,8,0,0,0,0,0,0.5,0.56,0.61,0.64
5230,21,8,0,0,0,0,0,0.53,0.56,0.61,0.67
5231,22,8,0,0,0,0,0,0.53,0.56,0.61,0.67
5232,23,8,0,0,0,0,0,0.53,0.56,0.61,0.67
5233,24,8,0,0,0,0,0,0.53,0.56,0.61,0.67
5234,25,8,0,0,0,0,0,0.53,0.56,0.61,0.67
5235,26,8,0,0,0,0,0,0.53,0.56,0.61,0.67
5236,27,8,0,0,0,0,0,0.53,0.56,0.61,0.67
5237,28,8,0,0,0,0,0,0.53,0.56,0.61,0.67
5238,29,8,0,0,0,0,0,0.53,0.56,0.61,0.67
5239,30,8,0,0,0,0,0,0.53,0.56,0.61,0.67
5240,1,9,0,0,0,0,0,0.53,0.59,0.61,0.67
5241,2,9,0,0,0,0,0,0.53,0.59,0.61,0.67
5242,3,9,0,0,0,0,0,0.53,0.59,0.61,0.67
5243,4,9,0,0,0,0,0,0.53,0.59,0.61,0.67
5244,5,9,0,0,0,0,0,0.53,0.59,0.61,0.67
5245,6,9,0,0,0,0,0,0.53,0.59,0.61,0.67
5246,7,9,0,0,0,0,0,0.53,0.59,0.61,0.67
5247,8,9,0,0,0,0,0,0.53,0.59,0.61,0.67
5248,9,9,0,0,0,0,0,0.53,0.59,0.61,0.67
5249,10,9,0,0,0,0,0,0.53,0.59,0.61,0.67
5250,11,9,0,0,0,0,0.5,0.53,0.59,0.64,0.67
5251,12,9,0,0,0,0,0.5,0.53,0.59,0.64,0.67
5252,13,9,0,0,0,0,0.5,0.53,0.59,0.64,0.67
5253,14,9,0,0,0,0,0.5,0.53,0.59,0.64,0.67
5254,15,9,0,0,0,0,0.5,0.53,0.59,0.64,0.67
5255,16,9,0,0,0,0,0.5,0.53,0.59,0.64,0.67
5256,17,9,0,0,0,0,0.5,0.53,0.59,0.64,0.67
5257,18,9,0,0,0,0,0.5,0.53,0.59,0.64,0.67
5258,19,9,0,0,0,0,0.5,0.53,0.59,0.64,0.67
5259,20,9,0,0,0,0,0.5,0.53,0.59,0.64,0.67
5260,21,9,0,0,0,0,0.5,0.56,0.59,0.64,0.7
5261,22,9,0,0,0,0,0.5,0.56,0.59,0.64,0.7
5262,23,9,0,0,0,0,0.5,0.56,0.59,0.64,0.7
5263,24,9,0,0,0,0,0.5,0.56,0.59,0.64,0.7
5264,25,9,0,0,0,0,0.5,0.56,0.59,0.64,0.7
5265,26,9,0,0,0,0,0.5,0.56,0.59,0.64,0.7
5266,27,9,0,0,0,0,0.5,0.56,0.59,0.64,0.7
5267,28,9,0,0,0,0,0.5,0.56,0.59,0.64,0.7
5268,29,9,0,0,0,0,0.5,0.56,0.59,0.64,0.7
5269,30,9,0,0,0,0,0.5,0.56,0.59,0.64,0.7
5270,1,10,0,0,0,0,0.5,0.56,0.61,0.64,0.7
5271,2,10,0,0,0,0,0.5,0.56,0.61,0.64,0.7
5272,3,10,0,0,0,0,0.5,0.56,0.61,0.64,0.7
5273,4,10,0,0,0,0,0.5,0.56,0.61,0.64,0.7
5274,5,10,0,0,0,0,0.5,0.56,0.61,0.64,0.7
5275,6,10,0,0,0,0,0.5,0.56,0.61,0.64,0.7
5276,7,10,0,0,0,0,0.5,0.56,0.61,0.64,0.7
5277,8,10,0,0,0,0,0.5,0.56,0.61,0.64,0.7
5278,9,10,0,0,0,0,0.5,0.56,0.61,0.64,0.7
5279,10,10,0,0,0,0,0.5,0.56,0.61,0.64,0.7
5280,11,10,0,0,0,0,0.53,0.56,0.61,0.67,0.7
5281,12,10,0,0,0,0,0.53,0.56,0.61,0.67,0.7
5282,13,10,0,0,0,0,0.53,0.56,0.61,0.67,0.7
5283,14,10,0,0,0,0,0.53,0.56,0.61,0.67,0.7
5284,15,10,0,0,0,0,0.53,0.56,0.61,0.67,0.7
5285,16,10,0,0,0,0,0.53,0.56,0.61,0.67,0.7
5286,17,10,0,0,0,0,0.53,0.56,0.61,0.67,0.7
5287,18,10,0,0,0,0,0.53,0.56,0.61,0.67,0.7
5288,19,10,0,0,0,0,0.53,0.56,0.61,0.67,0.7
5289,20,10,0,0,0,0,0.53,0.56,0.61,0.67,0.7
5290,21,10,0,0,0,0,0.53,0.59,0.61,0.67,0.73
5291,22,10,0,0,0,0,0.53,0.59,0.61,0.67,0.73
5292,23,10,0,0,0,0,0.53,0.59,0.61,0.67,0.73
5293,24,10,0,0,0,0,0.53,0.59,0.61,0.67,0.73
5294,25,10,0,0,0,0,0.53,0.59,0.61,0.67,0.73
5295,26,10,0,0,0,0,0.53,0.59,0.61,0.67,0.73
5296,27,10,0,0,0,0,0.53,0.59,0.61,0.67,0.73
5297,28,10,0,0,0,0,0.53,0.59,0.61,0.67,0.73
5298,29,10,0,0,0,0,0.53,0.59,0.61,0.67,0.73
5299,30,10,0,0,0,0,0.53,0.59,0.61,0.67,0.73
5300,1,11,0,0,0,0.5,0.53,0.59,0.64,0.67,0.73
5301,2,11,0,0,0,0.5,0.53,0.59,0.64,0.67,0.73
5302,3,11,0,0,0,0.5,0.53,0.59,0.64,0.67,0.73
5303,4,11,0,0,0,0.5,0.53,0.59,0.64,0.67,0.73
5304,5,11,0,0,0,0.5,0.53,0.59,0.64,0.67,0.73
5305,6,11,0,0,0,0.5,0.53,0.59,0.64,0.67,0.73
5306,7,11,0,0,0,0.5,0.53,0.59,0.64,0.67,0.73
5307,8,11,0,0,0,0.5,0.53,0.59,0.64,0.67,0.73
5308,9,11,0,0,0,0.5,0.53,0.59,0.64,0.67,0.73
5309,10,11,0,0,0,0.5,0.53,0.59,0.64,0.67,0.73
5310,11,11,0,0,0,0.5,0.56,0.59,0.64,0.7,0.73
5311,12,11,0,0,0,0.5,0.56,0.59,0.64,0.7,0.73
5312,13,11,0,0,0,0.5,0.56,0.59,0.64,0.7,0.73
5313,14,11,0,0,0,0.5,0.56,0.59,0.64,0.7,0.73
5314,15,11,0,0,0,0.5,0.56,0.59,0.64,0.7,0.73
5315,16,11,0,0,0,0.5,0.56,0.59,0.64,0.7,0.73
5316,17,11,0,0,0,0.5,0.56,0.59,0.64,0.7,0.73
5317,18,11,0,0,0,0.5,0.56,0.59,0.64,0.7,0.73
5318,19,11,0,0,0,0.5,0.56,0.59,0.64,0.7,0.73
5319,20,11,0,0,0,0.5,0.56,0.59,0.64,0.7,0.73
5320,21,11,0,0,0,0.5,0.56,0.61,0.64,0.7,0.76
5321,22,11,0,0,0,0.5,0.56,0.61,0.64,0.7,0.76
5322,23,11,0,0,0,0.5,0.56,0.61,0.64,0.7,0.76
5323,24,11,0,0,0,0.5,0.56,0.61,0.64,0.7,0.76
5324,25,11,0,0,0,0.5,0.56,0.61,0.64,0.7,0.76
5325,26,11,0,0,0,0.5,0.56,0.61,0.64,0.7,0.76
5326,27,11,0,0,0,0.5,0.56,0.61,0.64,0.7,0.76
5327,28,11,0,0,0,0.5,0.56,0.61,0.64,0.7,0.76
5328,29,11,0,0,0,0.5,0.56,0.61,0.64,0.7,0.76
5329,30,11,0,0,0,0.5,0.56,0.61,0.64,0.7,0.76
5330,1,12,0,0,0,0.53,0.56,0.61,0.67,0.7,0.76
5331,2,12,0,0,0,0.53,0.56,0.61,0.67,0.7,0.76
5332,3,12,0,0,0,0.53,0.56,0.61,0.67,0.7,0.76
5333,4,12,0,0,0,0.53,0.56,0.61,0.67,0.7,0.76
5334,5,12,0,0,0,0.53,0.56,0.61,0.67,0.7,0.76
5335,6,12,0,0,0,0.53,0.56,0.61,0.67,0.7,0.76
5336,7,12,0,0,0,0.53,0.56,0.61,0.67,0.7,0.76
5337,8,12,0,0,0,0.53,0.56,0.61,0.67,0.7,0.76
5338,9,12,0,0,0,0.53,0.56,0.61,0.67,0.7,0.76
5339,10,12,0,0,0,0.53,0.56,0.61,0.67,0.7,0.76
5340,11,12,0,0,0,0.53,0.59,0.61,0.67,0.73,0.76
5341,12,12,0,0,0,0.53,0.59,0.61,0.67,0.73,0.76
5342,13,12,0,0,0,0.53,0.59,0.61,0.67,0.73,0.76
5343,14,12,0,0,0,0.53,0.59,0.61,0.67,0.73,0.76
5344,15,12,0,0,0,0.53,0.59,0.61,0.67,0.73,0.76
5345,16,12,0,0,0,0.53,0.59,0.61,0.67,0.73,0.76
5346,17,12,0,0,0,0.53,0.59,0.61,0.67,0.73,0.76
5347,18,12,0,0,0,0.53,0.59,0.61,0.67,0.73,0.76
5348,19,12,0,0,0,0.53,0.59,0.61,0.67,0.73,0.76
5349,20,12,0,0,0,0.53,0.59,0.61,0.67,0.73,0.76
5350,21,12,0,0,0.5,0.53,0.59,0.64,0.67,0.73,0.79
5351,22,12,0,0,0.5,0.53,0.59,0.64,0.67,0.73,0.79
5352,23,12,0,0,0.5,0.53,0.59,0.64,0.67,0.73,0.79
5353,24,12,0,0,0.5,0.53,0.59,0.64,0.67,0.73,0.79
5354,25,12,0,0,0.5,0.53,0.59,0.64,0.67,0.73,0.79
5355,26,12,0,0,0.5,0.53,0.59,0.64,0.67,0.73,0.79
5356,27,12,0,0,0.5,0.53,0.59,0.64,0.67,0.73,0.79
5357,28,12,0,0,0.5,0.53,0.59,0.64,0.67,0.73,0.79
5358,29,12,0,0,0.5,0.53,0.59,0.64,0.67,0.73,0.79
5359,30,12,0,0,0.5,0.53,0.59,0.64,0.67,0.73,0.79
5360,1,13,0,0,0.5,0.56,0.59,0.64,0.7,0.73,0.79
5361,2,13,0,0,0.5,0.56,0.59,0.64,0.7,0.73,0.79
5362,3,13,0,0,0.5,0.56,0.59,0.64,0.7,0.73,0.79
5363,4,13,0,0,0.5,0.56,0.59,0.64,0.7,0.73,0.79
5364,5,13,0,0,0.5,0.56,0.59,0.64,0.7,0.73,0.79
5365,6,13,0,0,0.5,0.56,0.59,0.64,0.7,0.73,0.79
5366,7,13,0,0,0.5,0.56,0.59,0.64,0.7,0.73,0.79
5367,8,13,0,0,0.5,0.56,0.59,0.64,0.7,0.73,0.79
5368,9,13,0,0,0.5,0.56,0.59,0.64,0.7,0.73,0.79
5369,10,13,0,0,0.5,0.56,0.59,0.64,0.7,0.73,0.79
5370,11,13,0,0,0.5,0.56,0.61,0.64,0.7,0.76,0.79
5371,12,13,0,0,0.5,0.56,0.61,0.64,0.7,0.76,0.79
5372,13,13,0,0,0.5,0.56,0.61,0.64,0.7,0.76,0.79
5373,14,13,0,0,0.5,0.56,0.61,0.64,0.7,0.76,0.79
5374,15,13,0,0,0.5,0.56,0.61,0.64,0.7,0.76,0.79
5375,16,13,0,0,0.5,0.56,0.61,0.64,0.7,0.76,0.79
5376,17,13,0,0,0.5,0.56,0.61,0.64,0.7,0.76,0.79
5377,18,13,0,0,0.5,0.56,0.61,0.64,0.7,0.76,0.79
5378,19,13,0,0,0.5,0.56,0.61,0.64,0.7,0.76,0.79
5379,20,13,0,0,0.5,0.56,0.61,0.64,0.7,0.76,0.79
5380,21,13,0,0,0.53,0.56,0.61,0.67,0.7,0.76,0.81
5381,22,13,0,0,0.53,0.56,0.61,0.67,0.7,0.76,0.81
5382,23,13,0,0,0.53,0.56,0.61,0.67,0.7,0.76,0.81
5383,24,13,0,0,0.53,0.56,0.61,0.67,0.7,0.76,0.81
5384,25,13,0,0,0.53,0.56,0.61,0.67,0.7,0.76,0.81
5385,26,13,0,0,0.53,0.56,0.61,0.67,0.7,0.76,0.81
5386,27,13,0,0,0.53,0.56,0.61,0.67,0.7,0.76,0.81
5387,28,13,0,0,0.53,0.56,0.61,0.67,0.7,0.76,0.81
5388,29,13,0,0,0.53,0.56,0.61,0.67,0.7,0.76,0.81
5389,30,13,0,0,0.53,0.56,0.61,0.67,0.7,0.76,0.81
5390,1,14,0,0,0.53,0.59,0.61,0.67,0.73,0.76,0.81
5391,2,14,0,0,0.53,0.59,0.61,0.67,0.73,0.76,0.81
5392,3,14,0,0,0.53,0.59,0.61,0.67,0.73,0.76,0.81
5393,4,14,0,0,0.53,0.59,0.61,0.67,0.73,0.76,0.81
5394,5,14,0,0,0.53,0.59,0.61,0.67,0.73,0.76,0.81
5395,6,14,0,0,0.53,0.59,0.61,0.67,0.73,0.76,0.81
5396,7,14,0,0,0.53,0.59,0.61,0.67,0.73,0.76,0.81
5397,8,14,0,0,0.53,0.59,0.61,0.67,0.73,0.76,0.81
5398,9,14,0,0,0.53,0.59,0.61,0.67,0.73,0.76,0.81
5399,10,14,0,0,0.53,0.59,0.61,0.67,0.73,0.76,0.81
5400,11,14,0,0.5,0.53,0.59,0.64,0.67,0.73,0.79,0.81
5401,12,14,0,0.5,0.53,0.59,0.64,0.67,0.73,0.79,0.81
5402,13,14,0,0.5,0.53,0.59,0.64,0.67,0.73,0.79,0.81
5403,14,14,0,0.5,0.53,0.59,0.64,0.67,0.73,0.79,0.81
5404,15,14,0,0.5,0.53,0.59,0.64,0.67,0.73,0.79,0.81
5405,16,14,0,0.5,0.53,0.59,0.64,0.67,0.73,0.79,0.81
5406,17,14,0,0.5,0.53,0.59,0.64,0.67,0.73,0.79,0.81
5407,18,14,0,0.5,0.53,0.59,0.64,0.67,0.73,0.79,0.81
5408,19,14,0,0.5,0.53,0.59,0.64,0.67,0.73,0.79,0.81
5409,20,14,0,0.5,0.53,0.59,0.64,0.67,0.73,0.79,0.81
5410,21,14,0,0.5,0.56,0.59,0.64,0.7,0.73,0.79,0.84
5411,22,14,0,0.5,0.56,0.59,0.64,0.7,0.73,0.79,0.84
5412,23,14,0,0.5,0.56,0.59,0.64,0.7,0.73,0.79,0.84
5413,24,14,0,0.5,0.56,0.59,0.64,0.7,0.73,0.79,0.84
5414,25,14,0,0.5,0.56,0.59,0.64,0.7,0.73,0.79,0.84
5415,26,14,0,0.5,0.56,0.59,0.64,0.7,0.73,0.79,0.84
5416,27,14,0,0.5,0.56,0.59,0.64,0.7,0.73,0.79,0.84
5417,28,14,0,0.5,0.56,0.59,0.64,0.7,0.73,0.79,0.84
5418,29,14,0,0.5,0.56,0.59,0.64,0.7,0.73,0.79,0.84
5419,30,14,0,0.5,0.56,0.59,0.64,0.7,0.73,0.79,0.84
5420,1,15,0,0.5,0.56,0.61,0.64,0.7,0.76,0.79,0.84
5421,2,15,0,0.5,0.56,0.61,0.64,0.7,0.76,0.79,0.84
5422,3,15,0,0.5,0.56,0.61,0.64,0.7,0.76,0.79,0.84
5423,4,15,0,0.5,0.56,0.61,0.64,0.7,0.76,0.79,0.84
5424,5,15,0,0.5,0.56,0.61,0.64,0.7,0.76,0.79,0.84
5425,6,15,0,0.5,0.56,0.61,0.64,0.7,0.76,0.79,0.84
5426,7,15,0,0.5,0.56,0.61,0.64,0.7,0.76,0.79,0.84
5427,8,15,0,0.5,0.56,0.61,0.64,0.7,0.76,0.79,0.84
5428,9,15,0,0.5,0.56,0.61,0.64,0.7,0.76,0.79,0.84
5429,10,15,0,0.5,0.56,0.61,0.64,0.7,0.76,0.79,0.84
5430,11,15,0,0.53,0.56,0.61,0.67,0.7,0.76,0.81,0.84
5431,12,15,0,0.53,0.56,0.61,0.67,0.7,0.76,0.81,0.84
5432,13,15,0,0.53,0.56,0.61,0.67,0.7,0.76,0.81,0.84
5433,14,15,0,0.53,0.56,0.61,0.67,0.7,0.76,0.81,0.84
5434,15,15,0,0.53,0.56,0.61,0.67,0.7,0.76,0.81,0.84
5435,16,15,0,0.53,0.56,0.61,0.67,0.7,0.76,0.81,0.84
5436,17,15,0,0.53,0.56,0.61,0.67,0.7,0.76,0.81,0.84
5437,18,15,0,0.53,0.56,0.61,0.67,0.7,0.76,0.81,0.84
5438,19,15,0,0.53,0.56,0.61,0.67,0.7,0.76,0.81,0.84
5439,20,15,0,0.53,0.56,0.61,0.67,0.7,0.76,0.81,0.84
5440,21,15,0,0.53,0.59,0.61,0.67,0.73,0.76,0.81,0.87
5441,22,15,0,0.53,0.59,0.61,0.67,0.73,0.76,0.81,0.87
5442,23,15,0,0.53,0.59,0.61,0.67,0.73,0.76,0.81,0.87
5443,24,15,0,0.53,0.59,0.61,0.67,0.73,0.76,0.81,0.87
5444,25,15,0,0.53,0.59,0.61,0.67,0.73,0.76,0.81,0.87
5445,26,15,0,0.53,0.59,0.61,0.67,0.73,0.76,0.81,0.87
5446,27,15,0,0.53,0.59,0.61,0.67,0.73,0.76,0.81,0.87
5447,28,15,0,0.53,0.59,0.61,0.67,0.73,0.76,0.81,0.87
5448,29,15,0,0.53,0.59,0.61,0.67,0.73,0.76,0.81,0.87
5449,30,15,0,0.53,0.59,0.61,0.67,0.73,0.76,0.81,0.87
5450,1,16,0.5,0.53,0.59,0.64,0.67,0.73,0.79,0.81,0.87
5451,2,16,0.5,0.53,0.59,0.64,0.67,0.73,0.79,0.81,0.87
5452,3,16,0.5,0.53,0.59,0.64,0.67,0.73,0.79,0.81,0.87
5453,4,16,0.5,0.53,0.59,0.64,0.67,0.73,0.79,0.81,0.87
5454,5,16,0.5,0.53,0.59,0.64,0.67,0.73,0.79,0.81,0.87
5455,6,16,0.5,0.53,0.59,0.64,0.67,0.73,0.79,0.81,0.87
5456,7,16,0.5,0.53,0.59,0.64,0.67,0.73,0.79,0.81,0.87
5457,8,16,0.5,0.53,0.59,0.64,0.67,0.73,0.79,0.81,0.87
5458,9,16,0.5,0.53,0.59,0.64,0.67,0.73,0.79,0.81,0.87
5459,10,16,0.5,0.53,0.59,0.64,0.67,0.73,0.79,0.81,0.87
5460,11,16,0.5,0.56,0.59,0.64,0.7,0.73,0.79,0.84,0.87
5461,12,16,0.5,0.56,0.59,0.64,0.7,0.73,0.79,0.84,0.87
5462,13,16,0.5,0.56,0.59,0.64,0.7,0.73,0.79,0.84,0.87
5463,14,16,0.5,0.56,0.59,0.64,0.7,0.73,0.79,0.84,0.87
5464,15,16,0.5,0.56,0.59,0.64,0.7,0.73,0.79,0.84,0.87
5465,16,16,0.5,0.56,0.59,0.64,0.7,0.73,0.79,0.84,0.87
5466,17,16,0.5,0.56,0.59,0.64,0.7,0.73,0.79,0.84,0.87
5467,18,16,0.5,0.56,0.59,0.64,0.7,0.73,0.79,0.84,0.87
5468,19,16,0.5,0.56,0.59,0.64,0.7,0.73,0.79,0.84,0.87
5469,20,16,0.5,0.56,0.59,0.64,0.7,0.73,0.79,0.84,0.87
5470,21,16,0.5,0.56,0.61,0.64,0.7,0.76,0.79,0.84,0.9
5471,22,16,0.5,0.56,0.61,0.64,0.7,0.76,0.79,0.84,0.9
5472,23,16,0.5,0.56,0.61,0.64,0.7,0.76,0.79,0.84,0.9
5473,24,16,0.5,0.56,0.61,0.64,0.7,0.76,0.79,0.84,0.9
5474,25,16,0.5,0.56,0.61,0.64,0.7,0.76,0.79,0.84,0.9
5475,26,16,0.5,0.56,0.61,0.64,0.7,0.76,0.79,0.84,0.9
5476,27,16,0.5,0.56,0.61,0.64,0.7,0.76,0.79,0.84,0.9
5477,28,16,0.5,0.56,0.61,0.64,0.7,0.76,0.79,0.84,0.9
5478,29,16,0.5,0.56,0.61,0.64,0.7,0.76,0.79,0.84,0.9
5479,30,16,0.5,0.56,0.61,0.64,0.7,0.76,0.79,0.84,0.9
5480,1,17,0.53,0.56,0.61,0.67,0.7,0.76,0.81,0.84,0.9
5481,2,17,0.53,0.56,0.61,0.67,0.7,0.76,0.81,0.84,0.9
5482,3,17,0.53,0.56,0.61,0.67,0.7,0.76,0.81,0.84,0.9
5483,4,17,0.53,0.56,0.61,0.67,0.7,0.76,0.81,0.84,0.9
5484,5,17,0.53,0.56,0.61,0.67,0.7,0.76,0.81,0.84,0.9
5485,6,17,0.53,0.56,0.61,0.67,0.7,0.76,0.81,0.84,0.9
5486,7,17,0.53,0.56,0.61,0.67,0.7,0.76,0.81,0.84,0.9
5487,8,17,0.53,0.56,0.61,0.67,0.7,0.76,0.81,0.84,0.9
5488,9,17,0.53,0.56,0.61,0.67,0.7,0.76,0.81,0.84,0.9
5489,10,17,0.53,0.56,0.61,0.67,0.7,0.76,0.81,0.84,0.9
5490,11,17,0.53,0.59,0.61,0.67,0.73,0.76,0.81,0.87,0.9
5491,12,17,0.53,0.59,0.61,0.67,0.73,0.76,0.81,0.87,0.9
5492,13,17,0.53,0.59,0.61,0.67,0.73,0.76,0.81,0.87,0.9
5493,14,17,0.53,0.59,0.61,0.67,0.73,0.76,0.81,0.87,0.9
5494,15,17,0.53,0.59,0.61,0.67,0.73,0.76,0.81,0.87,0.9
5495,16,17,0.53,0.59,0.61,0.67,0.73,0.76,0.81,0.87,0.9
5496,17,17,0.53,0.59,0.61,0.67,0.73,0.76,0.81,0.87,0.9
5497,18,17,0.53,0.59,0.61,0.67,0.73,0.76,0.81,0.87,0.9
5498,19,17,0.53,0.59,0.61,0.67,0.73,0.76,0.81,0.87,0.9
5499,20,17,0.53,0.59,0.61,0.67,0.73,0.76,0.81,0.87,0.9
5500,21,17,0.53,0.59,0.64,0.67,0.73,0.79,0.81,0.87,0.87
5501,22,17,0.53,0.59,0.64,0.67,0.73,0.79,0.81,0.87,0.87
5502,23,17,0.53,0.59,0.64,0.67,0.73,0.79,0.81,0.87,0.87
5503,24,17,0.53,0.59,0.64,0.67,0.73,0.79,0.81,0.87,0.87
5504,25,17,0.53,0.59,0.64,0.67,0.73,0.79,0.81,0.87,0.87
5505,26,17,0.53,0.59,0.64,0.67,0.73,0.79,0.81,0.87,0.87
5506,27,17,0.53,0.59,0.64,0.67,0.73,0.79,0.81,0.87,0.87
5507,28,17,0.53,0.59,0.64,0.67,0.73,0.79,0.81,0.87,0.87
5508,29,17,0.53,0.59,0.64,0.67,0.73,0.79,0.81,0.87,0.87
5509,30,17,0.53,0.59,0.64,0.67,0.73,0.79,0.81,0.87,0.87
5510,1,18,0.56,0.59,0.64,0.7,0.73,0.79,0.84,0.87,0.87
5511,2,18,0.56,0.59,0.64,0.7,0.73,0.79,0.84,0.87,0.87
5512,3,18,0.56,0.59,0.64,0.7,0.73,0.79,0.84,0.87,0.87
5513,4,18,0.56,0.59,0.64,0.7,0.73,0.79,0.84,0.87,0.87
5514,5,18,0.56,0.59,0.64,0.7,0.73,0.79,0.84,0.87,0.87
5515,6,18,0.56,0.59,0.64,0.7,0.73,0.79,0.84,0.87,0.87
5516,7,18,0.56,0.59,0.64,0.7,0.73,0.79,0.84,0.87,0.87
5517,8,18,0.56,0.59,0.64,0.7,0.73,0.79,0.84,0.87,0.87
5518,9,18,0.56,0.59,0.64,0.7,0.73,0.79,0.84,0.87,0.87
5519,10,18,0.56,0.59,0.64,0.7,0.73,0.79,0.84,0.87,0.87
5520,11,18,0.56,0.61,0.64,0.7,0.76,0.79,0.84,0.9,0.87
5521,12,18,0.56,0.61,0.64,0.7,0.76,0.79,0.84,0.9,0.87
5522,13,18,0.56,0.61,0.64,0.7,0.76,0.79,0.84,0.9,0.87
5523,14,18,0.56,0.61,0.64,0.7,0.76,0.79,0.84,0.9,0.87
5524,15,18,0.56,0.61,0.64,0.7,0.76,0.79,0.84,0.9,0.87
5525,16,18,0.56,0.61,0.64,0.7,0.76,0.79,0.84,0.9,0.87
5526,17,18,0.56,0.61,0.64,0.7,0.76,0.79,0.84,0.9,0.87
5527,18,18,0.56,0.61,0.64,0.7,0.76,0.79,0.84,0.9,0.87
5528,19,18,0.56,0.61,0.64,0.7,0.76,0.79,0.84,0.9,0.87
5529,20,18,0.56,0.61,0.64,0.7,0.76,0.79,0.84,0.9,0.87
5530,21,18,0.56,0.61,0.67,0.7,0.76,0.81,0.84,0.9,0.84
5531,22,18,0.56,0.61,0.67,0.7,0.76,0.81,0.84,0.9,0.84
5532,23,18,0.56,0.61,0.67,0.7,0.76,0.81,0.84,0.9,0.84
5533,24,18,0.56,0.61,0.67,0.7,0.76,0.81,0.84,0.9,0.84
5534,25,18,0.56,0.61,0.67,0.7,0.76,0.81,0.84,0.9,0.84
5535,26,18,0.56,0.61,0.67,0.7,0.76,0.81,0.84,0.9,0.84
5536,27,18,0.56,0.61,0.67,0.7,0.76,0.81,0.84,0.9,0.84
5537,28,18,0.56,0.61,0.67,0.7,0.76,0.81,0.84,0.9,0.84
5538,29,18,0.56,0.61,0.67,0.7,0.76,0.81,0.84,0.9,0.84
5539,30,18,0.56,0.61,0.67,0.7,0.76,0.81,0.84,0.9,0.84
5540,1,19,0.59,0.61,0.67,0.73,0.76,0.81,0.87,0.9,0.84
5541,2,19,0.59,0.61,0.67,0.73,0.76,0.81,0.87,0.9,0.84
5542,3,19,0.59,0.61,0.67,0.73,0.76,0.81,0.87,0.9,0.84
5543,4,19,0.59,0.61,0.67,0.73,0.76,0.81,0.87,0.9,0.84
5544,5,19,0.59,0.61,0.67,0.73,0.76,0.81,0.87,0.9,0.84
5545,6,19,0.59,0.61,0.67,0.73,0.76,0.81,0.87,0.9,0.84
5546,7,19,0.59,0.61,0.67,0.73,0.76,0.81,0.87,0.9,0.84
5547,8,19,0.59,0.61,0.67,0.73,0.76,0.81,0.87,0.9,0.84
5548,9,19,0.59,0.61,0.67,0.73,0.76,0.81,0.87,0.9,0.84
5549,10,19,0.59,0.61,0.67,0.73,0.76,0.81,0.87,0.9,0.84
5550,11,19,0.59,0.64,0.67,0.73,0.79,0.81,0.87,0.87,0.84
5551,12,19,0.59,0.64,0.67,0.73,0.79,0.81,0.87,0.87,0.84
5552,13,19,0.59,0.64,0.67,0.73,0.79,0.81,0.87,0.87,0.84
5553,14,19,0.59,0.64,0.67,0.73,0.79,0.81,0.87,0.87,0.84
5554,15,19,0.59,0.64,0.67,0.73,0.79,0.81,0.87,0.87,0.84
5555,16,19,0.59,0.64,0.67,0.73,0.79,0.81,0.87,0.87,0.84
5556,17,19,0.59,0.64,0.67,0.73,0.79,0.81,0.87,0.87,0.84
5557,18,19,0.59,0.64,0.67,0.73,0.79,0.81,0.87,0.87,0.84
5558,19,19,0.59,0.64,0.67,0.73,0.79,0.81,0.87,0.87,0.84
5559,20,19,0.59,0.64,0.67,0.73,0.79,0.81,0.87,0.87,0.84
5560,21,19,0.59,0.64,0.7,0.73,0.79,0.84,0.87,0.87,0.81
5561,22,19,0.59,0.64,0.7,0.73,0.79,0.84,0.87,0.87,0.81
5562,23,19,0.59,0.64,0.7,0.73,0.79,0.84,0.87,0.87,0.81
5563,24,19,0.59,0.64,0.7,0.73,0.79,0.84,0.87,0.87,0.81
5564,25,19,0.59,0.64,0.7,0.73,0.79,0.84,0.87,0.87,0.81
5565,26,19,0.59,0.64,0.7,0.73,0.79,0.84,0.87,0.87,0.81
5566,27,19,0.59,0.64,0.7,0.73,0.79,0.84,0.87,0.87,0.81
5567,28,19,0.59,0.64,0.7,0.73,0.79,0.84,0.87,0.87,0.81
5568,29,19,0.59,0.64,0.7,0.73,0.79,0.84,0.87,0.87,0.81
5569,30,19,0.59,0.64,0.7,0.73,0.79,0.84,0.87,0.87,0.81
5570,1,20,0.61,0.64,0.7,0.76,0.79,0.84,0.9,0.87,0.81
5571,2,20,0.61,0.64,0.7,0.76,0.79,0.84,0.9,0.87,0.81
5572,3,20,0.61,0.64,0.7,0.76,0.79,0.84,0.9,0.87,0.81
5573,4,20,0.61,0.64,0.7,0.76,0.79,0.84,0.9,0.87,0.81
5574,5,20,0.61,0.64,0.7,0.76,0.79,0.84,0.9,0.87,0.81
5575,6,20,0.61,0.64,0.7,0.76,0.79,0.84,0.9,0.87,0.81
5576,7,20,0.61,0.64,0.7,0.76,0.79,0.84,0.9,0.87,0.81
5577,8,20,0.61,0.64,0.7,0.76,0.79,0.84,0.9,0.87,0.81
5578,9,20,0.61,0.64,0.7,0.76,0.79,0.84,0.9,0.87,0.81
5579,10,20,0.61,0.64,0.7,0.76,0.79,0.84,0.9,0.87,0.81
5580,11,20,0.61,0.67,0.7,0.76,0.81,0.84,0.9,0.84,0.81
5581,12,20,0.61,0.67,0.7,0.76,0.81,0.84,0.9,0.84,0.81
5582,13,20,0.61,0.67,0.7,0.76,0.81,0.84,0.9,0.84,0.81
5583,14,20,0.61,0.67,0.7,0.76,0.81,0.84,0.9,0.84,0.81
5584,15,20,0.61,0.67,0.7,0.76,0.81,0.84,0.9,0.84,0.81
5585,16,20,0.61,0.67,0.7,0.76,0.81,0.84,0.9,0.84,0.81
5586,17,20,0.61,0.67,0.7,0.76,0.81,0.84,0.9,0.84,0.81
5587,18,20,0.61,0.67,0.7,0.76,0.81,0.84,0.9,0.84,0.81
5588,19,20,0.61,0.67,0.7,0.76,0.81,0.84,0.9,0.84,0.81
5589,20,20,0.61,0.67,0.7,0.76,0.81,0.84,0.9,0.84,0.81
5590,21,20,0.61,0.67,0.73,0.76,0.81,0.87,0.9,0.84,0.79
5591,22,20,0.61,0.67,0.73,0.76,0.81,0.87,0.9,0.84,0.79
5592,23,20,0.61,0.67,0.73,0.76,0.81,0.87,0.9,0.84,0.79
5593,24,20,0.61,0.67,0.73,0.76,0.81,0.87,0.9,0.84,0.79
5594,25,20,0.61,0.67,0.73,0.76,0.81,0.87,0.9,0.84,0.79
5595,26,20,0.61,0.67,0.73,0.76,0.81,0.87,0.9,0.84,0.79
5596,27,20,0.61,0.67,0.73,0.76,0.81,0.87,0.9,0.84,0.79
5597,28,20,0.61,0.67,0.73,0.76,0.81,0.87,0.9,0.84,0.79
5598,29,20,0.61,0.67,0.73,0.76,0.81,0.87,0.9,0.84,0.79
5599,30,20,0.61,0.67,0.73,0.76,0.81,0.87,0.9,0.84,0.79
5600,1,21,0.64,0.67,0.73,0.79,0.81,0.87,0.87,0.84,0.79
5601,2,21,0.64,0.67,0.73,0.79,0.81,0.87,0.87,0.84,0.79
5602,3,21,0.64,0.67,0.73,0.79,0.81,0.87,0.87,0.84,0.79
5603,4,21,0.64,0.67,0.73,0.79,0.81,0.87,0.87,0.84,0.79
5604,5,21,0.64,0.67,0.73,0.79,0.81,0.87,0.87,0.84,0.79
5605,6,21,0.64,0.67,0.73,0.79,0.81,0.87,0.87,0.84,0.79
5606,7,21,0.64,0.67,0.73,0.79,0.81,0.87,0.87,0.84,0.79
5607,8,21,0.64,0.67,0.73,0.79,0.81,0.87,0.87,0.84,0.79
5608,9,21,0.64,0.67,0.73,0.79,0.81,0.87,0.87,0.84,0.79
5609,10,21,0.64,0.67,0.73,0.79,0.81,0.87,0.87,0.84,0.79
5610,11,21,0.64,0.7,0.73,0.79,0.84,0.87,0.87,0.81,0.79
5611,12,21,0.64,0.7,0.73,0.79,0.84,0.87,0.87,0.81,0.79
5612,13,21,0.64,0.7,0.73,0.79,0.84,0.87,0.87,0.81,0.79
5613,14,21,0.64,0.7,0.73,0.79,0.84,0.87,0.87,0.81,0.79
5614,15,21,0.64,0.7,0.73,0.79,0.84,0.87,0.87,0.81,0.79
5615,16,21,0.64,0.7,0.73,0.79,0.84,0.87,0.87,0.81,0.79
5616,17,21,0.64,0.7,0.73,0.79,0.84,0.87,0.87,0.81,0.79
5617,18,21,0.64,0.7,0.73,0.79,0.84,0.87,0.87,0.81,0.79
5618,19,21,0.64,0.7,0.73,0.79,0.84,0.87,0.87,0.81,0.79
5619,20,21,0.64,0.7,0.73,0.79,0.84,0.87,0.87,0.81,0.79
5620,21,21,0.64,0.7,0.76,0.79,0.84,0.9,0.87,0.81,0.76
5621,22,21,0.64,0.7,0.76,0.79,0.84,0.9,0.87,0.81,0.76
5622,23,21,0.64,0.7,0.76,0.79,0.84,0.9,0.87,0.81,0.76
5623,24,21,0.64,0.7,0.76,0.79,0.84,0.9,0.87,0.81,0.76
5624,25,21,0.64,0.7,0.76,0.79,0.84,0.9,0.87,0.81,0.76
5625,26,21,0.64,0.7,0.76,0.79,0.84,0.9,0.87,0.81,0.76
5626,27,21,0.64,0.7,0.76,0.79,0.84,0.9,0.87,0.81,0.76
5627,28,21,0.64,0.7,0.76,0.79,0.84,0.9,0.87,0.81,0.76
5628,29,21,0.64,0.7,0.76,0.79,0.84,0.9,0.87,0.81,0.76
5629,30,21,0.64,0.7,0.76,0.79,0.84,0.9,0.87,0.81,0.76
5630,1,22,0.67,0.7,0.76,0.81,0.84,0.9,0.84,0.81,0.76
5631,2,22,0.67,0.7,0.76,0.81,0.84,0.9,0.84,0.81,0.76
5632,3,22,0.67,0.7,0.76,0.81,0.84,0.9,0.84,0.81,0.76
5633,4,22,0.67,0.7,0.76,0.81,0.84,0.9,0.84,0.81,0.76
5634,5,22,0.67,0.7,0.76,0.81,0.84,0.9,0.84,0.81,0.76
5635,6,22,0.67,0.7,0.76,0.81,0.84,0.9,0.84,0.81,0.76
5636,7,22,0.67,0.7,0.76,0.81,0.84,0.9,0.84,0.81,0.76
5637,8,22,0.67,0.7,0.76,0.81,0.84,0.9,0.84,0.81,0.76
5638,9,22,0.67,0.7,0.76,0.81,0.84,0.9,0.84,0.81,0.76
5639,10,22,0.67,0.7,0.76,0.81,0.84,0.9,0.84,0.81,0.76
5640,11,22,0.67,0.73,0.76,0.81,0.87,0.9,0.84,0.79,0.76
5641,12,22,0.67,0.73,0.76,0.81,0.87,0.9,0.84,0.79,0.76
5642,13,22,0.67,0.73,0.76,0.81,0.87,0.9,0.84,0.79,0.76
5643,14,22,0.67,0.73,0.76,0.81,0.87,0.9,0.84,0.79,0.76
5644,15,22,0.67,0.73,0.76,0.81,0.87,0.9,0.84,0.79,0.76
5645,16,22,0.67,0.73,0.76,0.81,0.87,0.9,0.84,0.79,0.76
5646,17,22,0.67,0.73,0.76,0.81,0.87,0.9,0.84,0.79,0.76
5647,18,22,0.67,0.73,0.76,0.81,0.87,0.9,0.84,0.79,0.76
5648,19,22,0.67,0.73,0.76,0.81,0.87,0.9,0.84,0.79,0.76
5649,20,22,0.67,0.73,0.76,0.81,0.87,0.9,0.84,0.79,0.76
5650,21,22,0.67,0.73,0.79,0.81,0.87,0.87,0.84,0.79,0.73
5651,22,22,0.67,0.73,0.79,0.81,0.87,0.87,0.84,0.79,0.73
5652,23,22,0.67,0.73,0.79,0.81,0.87,0.87,0.84,0.79,0.73
5653,24,22,0.67,0.73,0.79,0.81,0.87,0.87,0.84,0.79,0.73
5654,25,22,0.67,0.73,0.79,0.81,0.87,0.87,0.84,0.79,0.73
5655,26,22,0.67,0.73,0.79,0.81,0.87,0.87,0.84,0.79,0.73
5656,27,22,0.67,0.73,0.79,0.81,0.87,0.87,0.84,0.79,0.73
5657,28,22,0.67,0.73,0.79,0.81,0.87,0.87,0.84,0.79,0.73
5658,29,22,0.67,0.73,0.79,0.81,0.87,0.87,0.84,0.79,0.73
5659,30,22,0.67,0.73,0.79,0.81,0.87,0.87,0.84,0.79,0.73
5660,1,23,0.7,0.73,0.79,0.84,0.87,0.87,0.81,0.79,0.73
5661,2,23,0.7,0.73,0.79,0.84,0.87,0.87,0.81,0.79,0.73
5662,3,23,0.7,0.73,0.79,0.84,0.87,0.87,0.81,0.79,0.73
5663,4,23,0.7,0.73,0.79,0.84,0.87,0.87,0.81,0.79,0.73
5664,5,23,0.7,0.73,0.79,0.84,0.87,0.87,0.81,0.79,0.73
5665,6,23,0.7,0.73,0.79,0.84,0.87,0.87,0.81,0.79,0.73
5666,7,23,0.7,0.73,0.79,0.84,0.87,0.87,0.81,0.79,0.73
5667,8,23,0.7,0.73,0.79,0.84,0.87,0.87,0.81,0.79,0.73
5668,9,23,0.7,0.73,0.79,0.84,0.87,0.87,0.81,0.79,0.73
5669,10,23,0.7,0.73,0.79,0.84,0.87,0.87,0.81,0.79,0.73
5670,11,23,0.7,0.76,0.79,0.84,0.9,0.87,0.81,0.76,0.73
5671,12,23,0.7,0.76,0.79,0.84,0.9,0.87,0.81,0.76,0.73
5672,13,23,0.7,0.76,0.79,0.84,0.9,0.87,0.81,0.76,0.73
5673,14,23,0.7,0.76,0.79,0.84,0.9,0.87,0.81,0.76,0.73
5674,15,23,0.7,0.76,0.79,0.84,0.9,0.87,0.81,0.76,0.73
5675,16,23,0.7,0.76,0.79,0.84,0.9,0.87,0.81,0.76,0.73
5676,17,23,0.7,0.76,0.79,0.84,0.9,0.87,0.81,0.76,0.73
5677,18,23,0.7,0.76,0.79,0.84,0.9,0.87,0.81,0.76,0.73
5678,19,23,0.7,0.76,0.79,0.84,0.9,0.87,0.81,0.76,0.73
5679,20,23,0.7,0.76,0.79,0.84,0.9,0.87,0.81,0.76,0.73
5680,21,23,0.7,0.76,0.81,0.84,0.9,0.84,0.81,0.76,0.7
5681,22,23,0.7,0.76,0.81,0.84,0.9,0.84,0.81,0.76,0.7
5682,23,23,0.7,0.76,0.81,0.84,0.9,0.84,0.81,0.76,0.7
5683,24,23,0.7,0.76,0.81,0.84,0.9,0.84,0.81,0.76,0.7
5684,25,23,0.7,0.76,0.81,0.84,0.9,0.84,0.81,0.76,0.7
5685,26,23,0.7,0.76,0.81,0.84,0.9,0.84,0.81,0.76,0.7
5686,27,23,0.7,0.76,0.81,0.84,0.9,0.84,0.81,0.76,0.7
5687,28,23,0.7,0.76,0.81,0.84,0.9,0.84,0.81,0.76,0.7
5688,29,23,0.7,0.76,0.81,0.84,0.9,0.84,0.81,0.76,0.7
5689,30,23,0.7,0.76,0.81,0.84,0.9,0.84,0.81,0.76,0.7
5690,1,24,0.73,0.76,0.81,0.87,0.9,0.84,0.79,0.76,0.7
5691,2,24,0.73,0.76,0.81,0.87,0.9,0.84,0.79,0.76,0.7
5692,3,24,0.73,0.76,0.81,0.87,0.9,0.84,0.79,0.76,0.7
5693,4,24,0.73,0.76,0.81,0.87,0.9,0.84,0.79,0.76,0.7
5694,5,24,0.73,0.76,0.81,0.87,0.9,0.84,0.79,0.76,0.7
5695,6,24,0.73,0.76,0.81,0.87,0.9,0.84,0.79,0.76,0.7
5696,7,24,0.73,0.76,0.81,0.87,0.9,0.84,0.79,0.76,0.7
5697,8,24,0.73,0.76,0.81,0.87,0.9,0.84,0.79,0.76,0.7
5698,9,24,0.73,0.76,0.81,0.87,0.9,0.84,0.79,0.76,0.7
5699,10,24,0.73,0.76,0.81,0.87,0.9,0.84,0.79,0.76,0.7
5700,11,24,0.73,0.79,0.81,0.87,0.87,0.84,0.79,0.73,0.7
5701,12,24,0.73,0.79,0.81,0.87,0.87,0.84,0.79,0.73,0.7
5702,13,24,0.73,0.79,0.81,0.87,0.87,0.84,0.79,0.73,0.7
5703,14,24,0.73,0.79,0.81,0.87,0.87,0.84,0.79,0.73,0.7
5704,15,24,0.73,0.79,0.81,0.87,0.87,0.84,0.79,0.73,0.7
5705,16,24,0.73,0.79,0.81,0.87,0.87,0.84,0.79,0.73,0.7
5706,17,24,0.73,0.79,0.81,0.87,0.87,0.84,0.79,0.73,0.7
5707,18,24,0.73,0.79,0.81,0.87,0.87,0.84,0.79,0.73,0.7
5708,19,24,0.73,0.79,0.81,0.87,0.87,0.84,0.79,0.73,0.7
5709,20,24,0.73,0.79,0.81,0.87,0.87,0.84,0.79,0.73,0.7
5710,21,24,0.73,0.79,0.84,0.87,0.87,0.81,0.79,0.73,0.67
5711,22,24,0.73,0.79,0.84,0.87,0.87,0.81,0.79,0.73,0.67
5712,23,24,0.73,0.79,0.84,0.87,0.87,0.81,0.79,0.73,0.67
5713,24,24,0.73,0.79,0.84,0.87,0.87,0.81,0.79,0.73,0.67
5714,25,24,0.73,0.79,0.84,0.87,0.87,0.81,0.79,0.73,0.67
5715,26,24,0.73,0.79,0.84,0.87,0.87,0.81,0.79,0.73,0.67
5716,27,24,0.73,0.79,0.84,0.87,0.87,0.81,0.79,0.73,0.67
5717,28,24,0.73,0.79,0.84,0.87,0.87,0.81,0.79,0.73,0.67
5718,29,24,0.73,0.79,0.84,0.87,0.87,0.81,0.79,0.73,0.67
5719,30,24,0.73,0.79,0.84,0.87,0.87,0.81,0.79,0.73,0.67
5720,1,25,0.76,0.79,0.84,0.9,0.87,0.81,0.76,0.73,0.67
5721,2,25,0.76,0.79,0.84,0.9,0.87,0.81,0.76,0.73,0.67
5722,3,25,0.76,0.79,0.84,0.9,0.87,0.81,0.76,0.73,0.67
5723,4,25,0.76,0.79,0.84,0.9,0.87,0.81,0.76,0.73,0.67
5724,5,25,0.76,0.79,0.84,0.9,0.87,0.81,0.76,0.73,0.67
5725,6,25,0.76,0.79,0.84,0.9,0.87,0.81,0.76,0.73,0.67
5726,7,25,0.76,0.79,0.84,0.9,0.87,0.81,0.76,0.73,0.67
5727,8,25,0.76,0.79,0.84,0.9,0.87,0.81,0.76,0.73,0.67
5728,9,25,0.76,0.79,0.84,0.9,0.87,0.81,0.76,0.73,0.67
5729,10,25,0.76,0.79,0.84,0.9,0.87,0.81,0.76,0.73,0.67
5730,11,25,0.76,0.81,0.84,0.9,0.84,0.81,0.76,0.7,0.67
5731,12,25,0.76,0.81,0.84,0.9,0.84,0.81,0.76,0.7,0.67
5732,13,25,0.76,0.81,0.84,0.9,0.84,0.81,0.76,0.7,0.67
5733,14,25,0.76,0.81,0.84,0.9,0.84,0.81,0.76,0.7,0.67
5734,15,25,0.76,0.81,0.84,0.9,0.84,0.81,0.76,0.7,0.67
5735,16,25,0.76,0.81,0.84,0.9,0.84,0.81,0.76,0.7,0.67
5736,17,25,0.76,0.81,0.84,0.9,0.84,0.81,0.76,0.7,0.67
5737,18,25,0.76,0.81,0.84,0.9,0.84,0.81,0.76,0.7,0.67
5738,19,25,0.76,0.81,0.84,0.9,0.84,0.81,0.76,0.7,0.67
5739,20,25,0.76,0.81,0.84,0.9,0.84,0.81,0.76,0.7,0.67
5740,21,25,0.76,0.81,0.87,0.9,0.84,0.79,0.76,0.7,0.61
5741,22,25,0.76,0.81,0.87,0.9,0.84,0.79,0.76,0.7,0.61
5742,23,25,0.76,0.81,0.87,0.9,0.84,0.79,0.76,0.7,0.61
5743,24,25,0.76,0.81,0.87,0.9,0.84,0.79,0.76,0.7,0.61
5744,25,25,0.76,0.81,0.87,0.9,0.84,0.79,0.76,0.7,0.61
5745,26,25,0.76,0.81,0.87,0.9,0.84,0.79,0.76,0.7,0.61
5746,27,25,0.76,0.81,0.87,0.9,0.84,0.79,0.76,0.7,0.61
5747,28,25,0.76,0.81,0.87,0.9,0.84,0.79,0.76,0.7,0.61
5748,29,25,0.76,0.81,0.87,0.9,0.84,0.79,0.76,0.7,0.61
5749,30,25,0.76,0.81,0.87,0.9,0.84,0.79,0.76,0.7,0.61
5750,1,26,0.79,0.81,0.87,0.87,0.84,0.79,0.73,0.7,0.61
5751,2,26,0.79,0.81,0.87,0.87,0.84,0.79,0.73,0.7,0.61
5752,3,26,0.79,0.81,0.87,0.87,0.84,0.79,0.73,0.7,0.61
5753,4,26,0.79,0.81,0.87,0.87,0.84,0.79,0.73,0.7,0.61
5754,5,26,0.79,0.81,0.87,0.87,0.84,0.79,0.73,0.7,0.61
5755,6,26,0.79,0.81,0.87,0.87,0.84,0.79,0.73,0.7,0.61
5756,7,26,0.79,0.81,0.87,0.87,0.84,0.79,0.73,0.7,0.61
5757,8,26,0.79,0.81,0.87,0.87,0.84,0.79,0.73,0.7,0.61
5758,9,26,0.79,0.81,0.87,0.87,0.84,0.79,0.73,0.7,0.61
5759,10,26,0.79,0.81,0.87,0.87,0.84,0.79,0.73,0.7,0.61
5760,11,26,0.79,0.84,0.87,0.87,0.81,0.79,0.73,0.67,0.61
5761,12,26,0.79,0.84,0.87,0.87,0.81,0.79,0.73,0.67,0.61
5762,13,26,0.79,0.84,0.87,0.87,0.81,0.79,0.73,0.67,0.61
5763,14,26,0.79,0.84,0.87,0.87,0.81,0.79,0.73,0.67,0.61
5764,15,26,0.79,0.84,0.87,0.87,0.81,0.79,0.73,0.67,0.61
5765,16,26,0.79,0.84,0.87,0.87,0.81,0.79,0.73,0.67,0.61
5766,17,26,0.79,0.84,0.87,0.87,0.81,0.79,0.73,0.67,0.61
5767,18,26,0.79,0.84,0.87,0.87,0.81,0.79,0.73,0.67,0.61
5768,19,26,0.79,0.84,0.87,0.87,0.81,0.79,0.73,0.67,0.61
5769,20,26,0.79,0.84,0.87,0.87,0.81,0.79,0.73,0.67,0.61
5770,21,26,0.79,0.84,0.9,0.87,0.81,0.76,0.73,0.67,0
5771,22,26,0.79,0.84,0.9,0.87,0.81,0.76,0.73,0.67,0
5772,23,26,0.79,0.84,0.9,0.87,0.81,0.76,0.73,0.67,0
5773,24,26,0.79,0.84,0.9,0.87,0.81,0.76,0.73,0.67,0
5774,25,26,0.79,0.84,0.9,0.87,0.81,0.76,0.73,0.67,0
5775,26,26,0.79,0.84,0.9,0.87,0.81,0.76,0.73,0.67,0
5776,27,26,0.79,0.84,0.9,0.87,0.81,0.76,0.73,0.67,0
5777,28,26,0.79,0.84,0.9,0.87,0.81,0.76,0.73,0.67,0
5778,29,26,0.79,0.84,0.9,0.87,0.81,0.76,0.73,0.67,0
5779,30,26,0.79,0.84,0.9,0.87,0.81,0.76,0.73,0.67,0
5780,1,27,0.81,0.84,0.9,0.84,0.81,0.76,0.7,0.67,0
5781,2,27,0.81,0.84,0.9,0.84,0.81,0.76,0.7,0.67,0
5782,3,27,0.81,0.84,0.9,0.84,0.81,0.76,0.7,0.67,0
5783,4,27,0.81,0.84,0.9,0.84,0.81,0.76,0.7,0.67,0
5784,5,27,0.81,0.84,0.9,0.84,0.81,0.76,0.7,0.67,0
5785,6,27,0.81,0.84,0.9,0.84,0.81,0.76,0.7,0.67,0
5786,7,27,0.81,0.84,0.9,0.84,0.81,0.76,0.7,0.67,0
5787,8,27,0.81,0.84,0.9,0.84,0.81,0.76,0.7,0.67,0
5788,9,27,0.81,0.84,0.9,0.84,0.81,0.76,0.7,0.67,0
5789,10,27,0.81,0.84,0.9,0.84,0.81,0.76,0.7,0.67,0
5790,11,27,0.81,0.87,0.9,0.84,0.79,0.76,0.7,0.61,0
5791,12,27,0.81,0.87,0.9,0.84,0.79,0.76,0.7,0.61,0
5792,13,27,0.81,0.87,0.9,0.84,0.79,0.76,0.7,0.61,0
5793,14,27,0.81,0.87,0.9,0.84,0.79,0.76,0.7,0.61,0
5794,15,27,0.81,0.87,0.9,0.84,0.79,0.76,0.7,0.61,0
5795,16,27,0.81,0.87,0.9,0.84,0.79,0.76,0.7,0.61,0
5796,17,27,0.81,0.87,0.9,0.84,0.79,0.76,0.7,0.61,0
5797,18,27,0.81,0.87,0.9,0.84,0.79,0.76,0.7,0.61,0
5798,19,27,0.81,0.87,0.9,0.84,0.79,0.76,0.7,0.61,0
5799,20,27,0.81,0.87,0.9,0.84,0.79,0.76,0.7,0.61,0
5800,21,27,0.81,0.87,0.87,0.84,0.79,0.73,0.7,0.61,0
5801,22,27,0.81,0.87,0.87,0.84,0.79,0.73,0.7,0.61,0
5802,23,27,0.81,0.87,0.87,0.84,0.79,0.73,0.7,0.61,0
5803,24,27,0.81,0.87,0.87,0.84,0.79,0.73,0.7,0.61,0
5804,25,27,0.81,0.87,0.87,0.84,0.79,0.73,0.7,0.61,0
5805,26,27,0.81,0.87,0.87,0.84,0.79,0.73,0.7,0.61,0
5806,27,27,0.81,0.87,0.87,0.84,0.79,0.73,0.7,0.61,0
5807,28,27,0.81,0.87,0.87,0.84,0.79,0.73,0.7,0.61,0
5808,29,27,0.81,0.87,0.87,0.84,0.79,0.73,0.7,0.61,0
5809,30,27,0.81,0.87,0.87,0.84,0.79,0.73,0.7,0.61,0
5810,1,28,0.84,0.87,0.87,0.81,0.79,0.73,0.67,0.61,0
5811,2,28,0.84,0.87,0.87,0.81,0.79,0.73,0.67,0.61,0
5812,3,28,0.84,0.87,0.87,0.81,0.79,0.73,0.67,0.61,0
5813,4,28,0.84,0.87,0.87,0.81,0.79,0.73,0.67,0.61,0
5814,5,28,0.84,0.87,0.87,0.81,0.79,0.73,0.67,0.61,0
5815,6,28,0.84,0.87,0.87,0.81,0.79,0.73,0.67,0.61,0
5816,7,28,0.84,0.87,0.87,0.81,0.79,0.73,0.67,0.61,0
5817,8,28,0.84,0.87,0.87,0.81,0.79,0.73,0.67,0.61,0
5818,9,28,0.84,0.87,0.87,0.81,0.79,0.73,0.67,0.61,0
5819,10,28,0.84,0.87,0.87,0.81,0.79,0.73,0.67,0.61,0
5820,11,28,0.84,0.9,0.87,0.81,0.76,0.73,0.67,0,0
5821,12,28,0.84,0.9,0.87,0.81,0.76,0.73,0.67,0,0
5822,13,28,0.84,0.9,0.87,0.81,0.76,0.73,0.67,0,0
5823,14,28,0.84,0.9,0.87,0.81,0.76,0.73,0.67,0,0
5824,15,28,0.84,0.9,0.87,0.81,0.76,0.73,0.67,0,0
5825,16,28,0.84,0.9,0.87,0.81,0.76,0.73,0.67,0,0
5826,17,28,0.84,0.9,0.87,0.81,0.76,0.73,0.67,0,0
5827,18,28,0.84,0.9,0.87,0.81,0.76,0.73,0.67,0,0
5828,19,28,0.84,0.9,0.87,0.81,0.76,0.73,0.67,0,0
5829,20,28,0.84,0.9,0.87,0.81,0.76,0.73,0.67,0,0
5830,21,28,0.84,0.9,0.84,0.81,0.76,0.7,0.67,0,0
5831,22,28,0.84,0.9,0.84,0.81,0.76,0.7,0.67,0,0
5832,23,28,0.84,0.9,0.84,0.81,0.76,0.7,0.67,0,0
5833,24,28,0.84,0.9,0.84,0.81,0.76,0.7,0.67,0,0
5834,25,28,0.84,0.9,0.84,0.81,0.76,0.7,0.67,0,0
5835,26,28,0.84,0.9,0.84,0.81,0.76,0.7,0.67,0,0
5836,27,28,0.84,0.9,0.84,0.81,0.76,0.7,0.67,0,0
5837,28,28,0.84,0.9,0.84,0.81,0.76,0.7,0.67,0,0
5838,29,28,0.84,0.9,0.84,0.81,0.76,0.7,0.67,0,0
5839,30,28,0.84,0.9,0.84,0.81,0.76,0.7,0.67,0,0
5840,1,29,0.87,0.9,0.84,0.76,0.76,0.7,0.61,0,0
5841,2,29,0.87,0.9,0.84,0.76,0.76,0.7,0.61,0,0
5842,3,29,0.87,0.9,0.84,0.76,0.76,0.7,0.61,0,0
5843,4,29,0.87,0.9,0.84,0.76,0.76,0.7,0.61,0,0
5844,5,29,0.87,0.9,0.84,0.76,0.76,0.7,0.61,0,0
5845,6,29,0.87,0.9,0.84,0.76,0.76,0.7,0.61,0,0
5846,7,29,0.87,0.9,0.84,0.76,0.76,0.7,0.61,0,0
5847,8,29,0.87,0.9,0.84,0.76,0.76,0.7,0.61,0,0
5848,9,29,0.87,0.9,0.84,0.76,0.76,0.7,0.61,0,0
5849,10,29,0.87,0.9,0.84,0.76,0.76,0.7,0.61,0,0
5850,11,29,0.87,0.87,0.84,0.76,0.73,0.7,0.61,0,0
5851,12,29,0.87,0.87,0.84,0.76,0.73,0.7,0.61,0,0
5852,13,29,0.87,0.87,0.84,0.76,0.73,0.7,0.61,0,0
5853,14,29,0.87,0.87,0.84,0.76,0.73,0.7,0.61,0,0
5854,15,29,0.87,0.87,0.84,0.76,0.73,0.7,0.61,0,0
5855,16,29,0.87,0.87,0.84,0.76,0.73,0.7,0.61,0,0
5856,17,29,0.87,0.87,0.84,0.76,0.73,0.7,0.61,0,0
5857,18,29,0.87,0.87,0.84,0.76,0.73,0.7,0.61,0,0
5858,19,29,0.87,0.87,0.84,0.76,0.73,0.7,0.61,0,0
5859,20,29,0.87,0.87,0.84,0.76,0.73,0.7,0.61,0,0
5860,21,29,0.87,0.87,0.81,0.76,0.73,0.67,0.61,0,0
5861,22,29,0.87,0.87,0.81,0.76,0.73,0.67,0.61,0,0
5862,23,29,0.87,0.87,0.81,0.76,0.73,0.67,0.61,0,0
5863,24,29,0.87,0.87,0.81,0.76,0.73,0.67,0.61,0,0
5864,25,29,0.87,0.87,0.81,0.76,0.73,0.67,0.61,0,0
5865,26,29,0.87,0.87,0.81,0.76,0.73,0.67,0.61,0,0
5866,27,29,0.87,0.87,0.81,0.76,0.73,0.67,0.61,0,0
5867,28,29,0.87,0.87,0.81,0.76,0.73,0.67,0.61,0,0
5868,29,29,0.87,0.87,0.81,0.76,0.73,0.67,0.61,0,0
5869,30,29,0.87,0.87,0.81,0.76,0.73,0.67,0.61,0,0
5870,1,30,0.9,0.87,0.81,0.73,0.73,0.67,0,0,0
5871,2,30,0.9,0.87,0.81,0.73,0.73,0.67,0,0,0
5872,3,30,0.9,0.87,0.81,0.73,0.73,0.67,0,0,0
5873,4,30,0.9,0.87,0.81,0.73,0.73,0.67,0,0,0
5874,5,30,0.9,0.87,0.81,0.73,0.73,0.67,0,0,0
5875,6,30,0.9,0.87,0.81,0.73,0.73,0.67,0,0,0
5876,7,30,0.9,0.87,0.81,0.73,0.73,0.67,0,0,0
5877,8,30,0.9,0.87,0.81,0.73,0.73,0.67,0,0,0
5878,9,30,0.9,0.87,0.81,0.73,0.73,0.67,0,0,0
5879,10,30,0.9,0.87,0.81,0.73,0.73,0.67,0,0,0
5880,11,30,0.9,0.87,0.81,0.73,0.67,0.67,0,0,0
5881,12,30,0.9,0.87,0.81,0.73,0.67,0.67,0,0,0
5882,13,30,0.9,0.87,0.81,0.73,0.67,0.67,0,0,0
5883,14,30,0.9,0.87,0.81,0.73,0.67,0.67,0,0,0
5884,15,30,0.9,0.87,0.81,0.73,0.67,0.67,0,0,0
5885,16,30,0.9,0.87,0.81,0.73,0.67,0.67,0,0,0
5886,17,30,0.9,0.87,0.81,0.73,0.67,0.67,0,0,0
5887,18,30,0.9,0.87,0.81,0.73,0.67,0.67,0,0,0
5888,19,30,0.9,0.87,0.81,0.73,0.67,0.67,0,0,0
5889,20,30,0.9,0.87,0.81,0.73,0.67,0.67,0,0,0
5890,21,30,0.9,0.87,0,0.73,0.67,0,0,0,0
5891,22,30,0.9,0.87,0,0.73,0.67,0,0,0,0
5892,23,30,0.9,0.87,0,0.73,0.67,0,0,0,0
5893,24,30,0.9,0.87,0,0.73,0.67,0,0,0,0
5894,25,30,0.9,0.87,0,0.73,0.67,0,0,0,0
5895,26,30,0.9,0.87,0,0.73,0.67,0,0,0,0
5896,27,30,0.9,0.87,0,0.73,0.67,0,0,0,0
5897,28,30,0.9,0.87,0,0.73,0.67,0,0,0,0
5898,29,30,0.9,0.87,0,0.73,0.67,0,0,0,0
5899,30,30,0.9,0.87,0,0.73,0.67,0,0,0,0
